"Question;A;B;C;D;E;Answer";;;;;;;;;;
"Желі түйіндерінің бір орталық құрылғыға тікелей қосылуы арқылы байланыс орнату тәсілі;Сақина топологиясы;Ағаш тәріздес топология;Жұлдызша топологиясы;Шина топологиясы;Тор топологиясы;C";;;;;;;;;;
;;;;;;;;;;
OSI үлгісіндегі деректерді жіберу;" маршрутизациялау және IP-адрес тағайындау қызметі атқарылатын деңгей"";Тасымалдау деңгейі;Желі деңгейі;Физикалық деңгей;Сеанс деңгейі;Қолданбалы деңгей;B";;;;;;;;;
;;;;;;;;;;
"Екі түрлі желіні байланыстыру үшін қолданылатын құрылғы"";Коммутатор;Модем;Көпір;Маршрутизатор;Түйін;D";;;;;;;;;;
;;;;;;;;;;
"Электрондық поштаны алу үшін қолданылатын хаттама"";HTTP;FTP;POP3;SMTP;SNMP;C";;;;;;;;;;
;;;;;;;;;;
"Бір мекемеге немесе үй ішіндегі бірнеше құрылғыны қосу үшін құрылған шектеулі географиялық аймақтағы желі"";MAN;WAN;LAN;WLAN;SAN;C";;;;;;;;;;
;;;;;;;;;;
"NAT технологиясын қолдану нәтижесінде жеке IP-адресті қоғамдық желіге шығаруға мүмкіндік берілуі"";Желілік хаттамаларды шифрлау;IP-адресті сүзу;Жеке IP-адресті қоғамдық IP-адреске түрлендіру;Деректерді маршрутизациялау;Қауіпсіздік сертификатын беру;C";;;;;;;;;;
;;;;;;;;;;
"Қолданушы мен желілік құрылғылар арасындағы мәлімет алмасуды ұйымдастыру қызметін атқаратын OSI үлгісінің деңгейі"";Қолданбалы деңгей;Сеанс деңгейі;Тасымалдау деңгейі;Мәлiметтер арнасы деңгейi;Физикалық деңгей;A";;;;;;;;;;
;;;;;;;;;;
"DNS қызметінің негізгі міндеті"";IP-адрестерді шифрлау;Домендік аттарды IP-адрестерге түрлендіру;Порттарды басқару;Желіні қорғау;Электрондық поштаны сүзу;B";;;;;;;;;;
;;;;;;;;;;
Сервердің деректерді сақтап;" желідегі басқа құрылғыларға бөлісуге арналған түрі"";Қолданбалы сервер;Пошта сервері;Файл сервері;DHCP сервері;Веб-сервер;C";;;;;;;;;
;;;;;;;;;;
"Компьютерлерді әртүрлі географиялық аймақта біріктіру арқылы құрылған кең ауқымды желі түрі"";LAN;MAN;PAN;WAN;WLAN;D";;;;;;;;;;
;;;;;;;;;;
"Желі құрылғылары арасындағы физикалық байланыс пен сигналдарды тасымалдау деңгейі"";Мәлiметтер арнасы деңгейi;Физикалық деңгей;Сеанс деңгейі;Қолданбалы деңгей;Тасымалдау деңгейі;B";;;;;;;;;;
;;;;;;;;;;
"Интернетке қосылған құрылғының бірегей сандық мекенжайы"";DNS атауы;MAC адрес;IP адрес;Порт нөмірі;Хост аты;C";;;;;;;;;;
;;;;;;;;;;
"Деректерді пакеттерге бөлу және қабылдаушы құрылғыға жеткізуді қамтамасыз ететін хаттама"";FTP;HTTP;TCP;SMTP;ARP;C";;;;;;;;;;
;;;;;;;;;;
"Электронды пошта арқылы хабарлама жіберуге арналған хаттама"";POP3;IMAP;SMTP;SNMP;HTTPS;C";;;;;;;;;;
;;;;;;;;;;
"Желі ресурстарына сырттан қауіпсіз қатынау мүмкіндігін беретін технология"";NAT;DNS;VPN;FTP;ARP;C";;;;;;;;;;
;;;;;;;;;;
"Коммутатордың негізгі қызметі"";IP-адресті беру;Сигналды шифрлау;Желі трафигін сүзу;Кадрларды MAC адрес арқылы бағыттау;Желіні интернетке қосу;D";;;;;;;;;;
;;;;;;;;;;
"Желі деңгейінде жұмыс істейтін құрылғы"";Коммутатор;Көпір;Маршрутизатор;Концентратор;Фаервол;C";;;;;;;;;;
;;;;;;;;;;
Пошта жәшігін серверде қалдыра отырып;" хабарламаларды көруге мүмкіндік беретін хаттама"";POP3;SMTP;SNMP;IMAP;HTTP;D";;;;;;;;;
;;;;;;;;;;
"Желідегі екі құрылғы бір уақытта дерек жібере алатын мәлімет тасымалдау режимі"";Жартылай дуплекс;Біржақты байланыс;Толық дуплекс;Уақытша қосылу;Тізбекті байланыс;C";;;;;;;;;;
;;;;;;;;;;
"MAC-адрес желінің қай деңгейінде жұмыс істейді"";Қолданбалы;Тасымалдау;Арналық;Желі;Сеанс;C";;;;;;;;;;
;;;;;;;;;;
"Қоғамдық IP-адрестердің жетіспеушілігін шешуге арналған механизм"";DNS;NAT;DHCP;FTP;IPsec;B";;;;;;;;;;
;;;;;;;;;;
"Желілік қауіпсіздікті сертификаттау үшін қолданылатын хаттама"";TCP;SNMP;SSL;FTP;HTTP;C";;;;;;;;;;
;;;;;;;;;;
"Желі арқылы файл жіберуді қамтамасыз ететін хаттама"";DHCP;FTP;SMTP;DNS;SNMP;B";;;;;;;;;;
;;;;;;;;;;
"OSI үлгісіндегі 7 деңгейдің ең жоғарғы деңгейі"";Қолданбалы;Сеанс;Тасымалдау;Мәлiметтер арнасы;Желі;A";;;;;;;;;;
;;;;;;;;;;
Ірі ұйымдарда ішкі қолдануға арналған;" сыртқы қолжетімсіз желі түрі"";Extranet;Internet;Intranet;VPN;WAN;C";;;;;;;;;
;;;;;;;;;;
"IPv4-те қолданылатын адрес ұзындығы"";64 бит;128 бит;16 бит;32 бит;8 бит;D";;;;;;;;;;
;;;;;;;;;;
"Желі құрылғысының физикалық адресі ретінде қолданылатын идентификатор"";IP адрес;MAC адрес;DNS атауы;Порт нөмірі;Сервер атауы;B";;;;;;;;;;
;;;;;;;;;;
"IP-пакеттерін желі арқылы жіберу үшін қолданылатын хаттама"";FTP;TCP;UDP;IP;SMTP;D";;;;;;;;;;
;;;;;;;;;;
"Желідегі құрылғылар арасында байланыс орнату мен бұзуды қамтамасыз ететін OSI деңгейі"";Сеанс деңгейі;Физикалық деңгей;Қолданбалы деңгей;Желі деңгейі;Мәлiметтер арнасы;A";;;;;;;;;;
;;;;;;;;;;
"ACL (Access Control List) көмегімен басқарылатын функция"";Деректерді шифрлау;Адресті маршрутизациялау;Желілік қатынауға рұқсат беру және шектеу;IP-адресті тағайындау;DNS түрлендіру;C";;;;;;;;;;
;;;;;;;;;;
"Сервер мен клиент арасында сенімді және реттелген байланыс орнату үшін қолданылатын хаттама"";UDP;ICMP;TCP;ARP;IP;C";;;;;;;;;;
;;;;;;;;;;
"Желілік ақаулар мен қателер туралы хабарлайтын хаттама"";TCP;SNMP;HTTP;ICMP;FTP;D";;;;;;;;;;
;;;;;;;;;;
"Домендік аттарды IP-адрестерге түрлендіру процесін қамтамасыз ететін қызмет"";DHCP;NAT;DNS;FTP;IPsec;C";;;;;;;;;;
;;;;;;;;;;
"Қашықтан қатынау кезінде қауіпсіз байланысты қамтамасыз ету тәсілі"";VPN;FTP;DNS;ARP;NAT;A";;;;;;;;;;
;;;;;;;;;;
"IPv6-да IP-адрес ұзындығы"";64 бит;128 бит;32 бит;16 бит;48 бит;B";;;;;;;;;;
;;;;;;;;;;
"Коммутатор қай деңгейде жұмыс істейді"";Физикалық;Арналық;Желі;Қолданбалы;Тасымалдау;B";;;;;;;;;;
;;;;;;;;;;
"Хост атауын IP-адреске сәйкестендіруді орындайтын желілік қызмет"";NAT;DNS;FTP;VPN;DHCP;B";;;;;;;;;;
;;;;;;;;;;
"DHCP қызметінің негізгі мақсаты"";Хаттамаларды шифрлау;IP-адресті автоматты түрде тағайындау;Желіні шектеу;Файлдарды жіберу;Желіні маршрутизациялау;B";;;;;;;;;;
;;;;;;;;;;
"Желіде нақты пайдаланушыларға немесе құрылғыларға қол жеткізуді шектеу құралы"";DNS;SSL;ACL;FTP;IPsec;C";;;;;;;;;;
;;;;;;;;;;
"Пошта сервері қандай қызмет атқарады"";Файлдарды қабылдау;Маршрутизаторды орнату;Хат алмасуды ұйымдастыру;Желіні басқару;Адресті шифрлау;C";;;;;;;;;;
;;;;;;;;;;
"Электрондық поштаны жеткізуді ұйымдастыратын желілік қызмет"";FTP;DNS;SMTP;SNMP;DHCP;C";;;;;;;;;;
;;;;;;;;;;
"Қолданушы компьютеріне желі арқылы файлдарды жүктеу хаттамасы"";SNMP;HTTP;FTP;SMTP;TCP;C";;;;;;;;;;
;;;;;;;;;;
"Желі қауіпсіздігін қамтамасыз ететін сандық куәліктің қызметі"";IP-маршрутизациялау;VPN орнату;Қолданушыны аутентификациялау;Желілік хаттаманы анықтау;Файлдарды шифрлау;C";;;;;;;;;;
;;;;;;;;;;
"Қашықтан қатынау кезінде қолданылатын қауіпсіз байланыс технологиясы"";NAT;VPN;FTP;DHCP;POP3;B";;;;;;;;;;
;;;;;;;;;;
"DNS серверінің негізгі функциясы"";Электрондық пошта жіберу;IP-адрес тағайындау;Домендік атауды IP-адреске сәйкестендіру;Хаттама шифрлау;Желілік құрылғыларды бақылау;C";;;;;;;;;;
;;;;;;;;;;
"Желілік ақаулар туралы хабарламалар жіберуге арналған хаттама"";SNMP;DHCP;FTP;ICMP;IMAP;D";;;;;;;;;;
;;;;;;;;;;
"Желідегі мәліметтерді беру кезінде сенімді байланысты қамтамасыз ететін хаттама"";UDP;TCP;FTP;ARP;SMTP;B";;;;;;;;;;
;;;;;;;;;;
"Интернет арқылы қашықтағы серверге қауіпсіз қосылу үшін қолданылатын протокол"";HTTP;SSH;POP3;SMTP;SNMP;B";;;;;;;;;;
;;;;;;;;;;
"Интранет желісінің сипаттамасы"";Қоғамдық қолжетімділікпен сипатталады;Электрондық пошта қызметіне арналған;Ішкі желі ретінде шектелген мекемеге тиесілі;Деректерді жария түрде бөліседі;Желі қауіпсіздігін қамтамасыз етпейді;C";;;;;;;;;;
;;;;;;;;;;
"Физикалық кабель арқылы қосылған желі түрі"";WLAN;Wi-Fi;Bluetooth;Ethernet;LTE;D";;;;;;;;;;
;;;;;;;;;;
"IP адрес пен MAC адрес арасындағы сәйкестікті анықтайтын хаттама"";FTP;DNS;ARP;DHCP;ICMP;C";;;;;;;;;;
;;;;;;;;;;
"Хаттамалар стегінің ең төменгі деңгейі"";Қолданбалы;Сеанстық;Желі;Физикалық;Көлік;D";;;;;;;;;;
;;;;;;;;;;
"NAT технологиясының желіде атқаратын рөлі"";DNS атауларын түрлендіру;IP-мекенжайларды ауыстыру;Файлдарды жіберу;Желіні өшіру;MAC-адресті өзгерту;B";;;;;;;;;;
;;;;;;;;;;
"DNS жүйесінде мекенжайды кэштеу нәтижесі"";Қауіпсіздікті арттыру;Мекенжайларды өзгерту;Анықтау жылдамдығын арттыру;Желі ресурстарын бұғаттау;Сертификаттарды жаңарту;C";;;;;;;;;;
;;;;;;;;;;
"IP пакеттері жоғалғанда қайта жіберуді қамтамасыз ететін хаттама"";TCP;UDP;FTP;SNMP;ICMP;A";;;;;;;;;;
;;;;;;;;;;
"Желіде автоматты түрде IP мекенжайын тағайындау қызметі"";DNS;NAT;DHCP;TCP;VPN;C";;;;;;;;;;
;;;;;;;;;;
"Желі трафигін сүзу және басқару үшін қолданылатын құрылғы"";Коммутатор;Брандмауэр (фаервол);Модем;FTP-сервер;DNS сервер;B";;;;;;;;;;
;;;;;;;;;;
"FTP қызметінің стандартты порты"";80;443;25;20/21;110;D";;;;;;;;;;
;;;;;;;;;;
"Wi-Fi желісінің сипаттамасы"";Оптикалық кабель арқылы таралады;Радиотолқын арқылы деректерді тасымалдайды;Тек сымды қосылуды қолдайды;Сертификатсыз жұмыс істейді;Тек кеңселерге арналған;B";;;;;;;;;;
;;;;;;;;;;
"IP-адресті статикалық түрде тағайындау нәтижесі"";Желінің автоматты өзгеруі;Уақытша байланыс;Өзгермейтін мекенжай;Желіден ажырату;Сервер ауысады;C";;;;;;;;;;
;;;;;;;;;;
"WAN желісінің басты ерекшелігі"";Шағын аймаққа таралуы;Радиотолқынмен жұмыс істеуі;Кең географиялық ауқымды қамтуы;Тек үй желісінде қолданылуы;Кабельсіз жұмыс істеуі;C";;;;;;;;;;
;;;;;;;;;;
"Электрондық поштаны басқаруға арналған протокол"";IMAP;FTP;TCP;HTTP;ARP;A";;;;;;;;;;
;;;;;;;;;;
"NAT қолдану арқылы көп құрылғыға бір IP арқылы интернетке шығу мүмкіндігі"";Домен басқару;Сертификаттау;Адресті түрлендіру;Желілік шифрлау;Портты ашу;C";;;;;;;;;;
;;;;;;;;;;
"Қолданушы мәліметтерін серверге жіберуге арналған хаттама"";FTP;TCP;UDP;HTTP;SMTP;E";;;;;;;;;;
;;;;;;;;;;
"DNS кэшін тазарту қажеттігі"";Поштаны жаңарту;Желіні өшіру;Ескі IP-мекенжайлардан арылу;MAC адресін өзгерту;Парольді қалпына келтіру;C";;;;;;;;;;
;;;;;;;;;;
"SSL/TLS хаттамасы қай мақсатта қолданылады"";IP маршрутизациясы;Серверді қайта іске қосу;Мәліметтерді қорғау және шифрлау;Қашықтан қосылу;Файл жіберу;C";;;;;;;;;;
;;;;;;;;;;
"IMAP қызметінің ерекшелігі"";Хаттарды тек жүктеп алу;Хаттарды серверде сақтау;Желі маршрутизациясы;DNS түрлендіру;Портты шифрлау;B";;;;;;;;;;
;;;;;;;;;;
"Қауіпсіздік сертификаты қандай ақпаратты қамтиды"";DNS атауы мен IP адрес;Пайдаланушы аты мен пароль;Ашық кілт және иесінің мәліметтері;Порт нөмірі;Желі көлемі;C";;;;;;;;;;
;;;;;;;;;;
"Желінің барлық құрылғылары бір кабельге қосылған топология"";Жұлдызша;Сақина;Шина;Ағаш тәрізді;Тор;C";;;;;;;;;;
;;;;;;;;;;
"Екі желіні біріктіруге арналған құрылғы"";Концентратор;Коммутатор;Көпір (Bridge);Модем;Брандмауэр;C";;;;;;;;;;
;;;;;;;;;;
"Желі деңгейіндегі деректер пакеттерін бағыттау процесі"";Коммутация;Аутентификация;Маршрутизация;Сүзгілеу;Шифрлау;C";;;;;;;;;;
;;;;;;;;;;
"OSI моделінің көлік деңгейінің негізгі қызметі"";IP-адрес тағайындау;Доменді шешу;Қолданбалы интерфейс ұсыну;Сенімді деректер жеткізу;Физикалық қосылуды орнату;D";;;;;;;;;;
;;;;;;;;;;
"POP3 хаттамасының басты ерекшелігі"";Электрондық поштаны серверде сақтау;Хаттарды серверден жүктеп алып";" жою;Желі ақауларын жіберу;Желілік портты ашу;DNS атауын түрлендіру;B";;;;;;;;;
;;;;;;;;;;
"Желілік қауіпсіздікті басқаруға арналған ереже жинағы"";NAT;ACL;FTP;DHCP;TCP;B";;;;;;;;;;
;;;;;;;;;;
"Сервер мен клиент арасында жеке арна арқылы шифрланған байланыс орнату тәсілі"";VPN;HTTP;FTP;NAT;POP3;A";;;;;;;;;;
;;;;;;;;;;
"Сервердің тек клиенттің сұранысына жауап беретін түрі"";Баспа сервері;Базалық сервер;Веб-сервер;Клиент-сервер;Қарапайым файл сервері;D";;;;;;;;;;
;;;;;;;;;;
"OSI моделінің мәліметтер каналы деңгейінде жұмыс істейтін құрылғы"";Маршрутизатор;Коммутатор;Брандмауэр;Сервер;Модем;B";;;;;;;;;;
;;;;;;;;;;
"DHCP хаттамасының функциясы"";Порттарды шифрлау;IP мекенжайларын автоматты түрде беру;DNS кэшін тазарту;Электрондық поштаны бағыттау;Виртуалды желі құру;B";;;;;;;;;;
;;;;;;;;;;
"NAT технологиясы қолданылатын жағдай"";DNS қызметін орнату;Ішкі IP адресін сыртқыға түрлендіру;Серверде хат сақтау;Веб-серверді құру;Коммутаторды баптау;B";;;;;;;;;;
;;;;;;;;;;
"Желілік принтерге ортақ қол жеткізуді қамтамасыз ететін сервер түрі"";Веб-сервер;Прокси сервер;Баспа сервері;Дерекқор сервері;DNS сервері;C";;;;;;;;;;
;;;;;;;;;;
"Қайта жіберу мен деректер жоғалуын болдырмайтын көлік деңгейінің хаттамасы"";UDP;FTP;SMTP;TCP;ARP;D";;;;;;;;;;
;;;;;;;;;;
"Хаттамалар иерархиясында қолданбалы деңгейге жататын хаттама"";TCP;IP;SMTP;ARP;ICMP;C";;;;;;;;;;
;;;;;;;;;;
Хаттама мен порттарды қолданып;" желі трафигін шектеуге мүмкіндік беретін тізім"";DNS;DHCP;NAT;ACL;VPN;D";;;;;;;;;
;;;;;;;;;;
"Қолданушыға нақты IP мекенжайды қолмен беру түрі"";Динамикалық IP;DHCP IP;Виртуалды IP;Статикалық IP;Жасырын IP;D";;;;;;;;;;
;;;;;;;;;;
"Пошта серверінде хаттарды сақтау мүмкіндігін ұсынатын хаттама"";FTP;HTTP;IMAP;TCP;SSH;C";;;;;;;;;;
;;;;;;;;;;
"Желідегі құрылғылар MAC мекенжай бойынша байланысатын деңгей"";Қолданбалы;Желілік;Мәліметтер каналы;Сеанстық;Көлік;C";;;;;;;;;;
;;;;;;;;;;
"Сертификаттар қолданылатын қауіпсіздік қызметі"";Құрылғы сәйкестендіру;Электрондық пошта жіберу;IP маршрутизациялау;DNS шешімі;Серверді қайта жүктеу;A";;;;;;;;;;
;;;;;;;;;;
"Желілік трафикті басқаруға арналған бағдарламалық құрал"";Архиватор;Мониторинг жүйесі;Файл менеджері;VPN клиенті;SSH протоколы;B";;;;;;;;;;
;;;;;;;;;;
"Пошта хаттамасының стандартты порты"";21;25;53;443;110;B";;;;;;;;;;
;;;;;;;;;;
"Желінің логикалық құрылымын анықтайтын сипаттама"";Желілік карта;Желілік хаттама;Желілік топология;Желілік кабель;Желілік адаптер;C";;;;;;;;;;
;;;;;;;;;;
"IP желісіндегі қашықтағы желі ресурстарына қол жеткізуге мүмкіндік беретін тәсіл"";NAT;VPN;DHCP;FTP;HTTP;B";;;;;;;;;;
;;;;;;;;;;
"Ақпарат жіберушіден қабылдаушыға дейін қандай жолмен жүретінін анықтайтын процесс"";Адрестеу;Рұқсат;Шифрлау;Маршрутизация;Сервер таңдау;D";;;;;;;;;;
;;;;;;;;;;
"Интернетке қосылусыз локалды байланыс орнату тәсілі"";WAN;VPN;NAT;LAN;ACL;D";;;;;;;;;;
;;;;;;;;;;
"Желідегі негізгі ресурстарға кіруді реттейтін құрылғы"";Маршрутизатор;Прокси;Сервер;Коммутатор;Клиент;C";;;;;;;;;;
;;;;;;;;;;
"DNS қызметінің қолданылуы"";Шифрлау;Сертификаттау;IP-адреске доменді түрлендіру;Веб-серверді басқару;Хаттарды сақтау;C";;;;;;;;;;
;;;;;;;;;;
"OSI моделінің қолданбалы деңгейіне жататын қызмет"";Деректерді бөлу;Қорғаныс орнату;Электрондық пошта;Физикалық қосылу;Адресті ауыстыру;C";;;;;;;;;;
;;;;;;;;;;
"Шағын мекеме ішіндегі жеке меншік желі түрі"";WAN;MAN;LAN;VPN;PAN;C";;;;;;;;;;
;;;;;;;;;;
"Файлдарды интернет арқылы жіберуге арналған хаттама"";HTTP;TCP;FTP;IMAP;SNMP;C";;;;;;;;;;
;;;;;;;;;;
"Сақина топологиясындағы деректердің берілу тәртібі"";Бір уақытта барлық құрылғыға;Хаостық тәртіппен;Тізбекті түрде бір бағытта;Тікелей бір құрылғыға;Ретсіз түрде;C";;;;;;;;;;
;;;;;;;;;;
"Желі қауіпсіздігі үшін пайдаланушыны сәйкестендіру тәсілі"";NAT;DNS;Аутентификация;Сервер баптауы;Коммутатор қосу;C";;;;;;;;;;
;;;;;;;;;;
"Коммутатор жұмыс істейтін OSI моделі деңгейі"";Қолданбалы;Тасымалдау;Мәліметтер каналы;Желілік;Физикалық;C";;;;;;;;;;
;;;;;;;;;;
"Желілік байланыста қолданылатын ең жиі қолданылатын кабель түрі"";Коаксиалды;Оптикалық талшық;Витая пара;Сериялық кабель;USB кабель;C";;;;;;;;;;
;;;;;;;;;;
"Маршрутизатордың негізгі қызметі"";Файлдарды сақтау;IP-мекенжай беру;Пошта жіберу;Желі бағыттарын анықтау;Портты ашу;D";;;;;;;;;;
;;;;;;;;;;
"Сервер ресурстарына қолжетімділікті басқару түрі"";NAT;DNS;VPN;Аутентификация;FTP;D";;;;;;;;;;
;;;;;;;;;;
"SSL сертификатының негізгі мақсаты"";IP-мекенжайды тағайындау;Қолданушыны тіркеу;Желіні кеңейту;Қауіпсіз байланысты қамтамасыз ету;Файлды архивтеу;D";;;;;;;;;;
;;;;;;;;;;
"OSI моделінде мәліметтердің битке түрлендіру деңгейі"";Қолданбалы;Мәліметтер каналы;Сеанстық;Физикалық;Желілік;D";;;;;;;;;;
;;;;;;;;;;
"DNS қызметі арқылы орындалатын әрекет"";Домен атауын IP-ге түрлендіру;Желілік топологияны анықтау;VPN орнату;Коммутаторды теңшеу;Электрондық пошта жіберу;A";;;;;;;;;;
;;;;;;;;;;
"WAN желісінің сипаттамасына жататын белгі"";Бір бөлмеде орналасқан құрылғылар;Бір ғимарат ішінде таралуы;Кең географиялық аймақты қамтуы;Кабельсіз байланыс;Прокси серверді қолдану;C";;;;;;;;;;
;;;;;;;;;;
"Желілік қауіпсіздікті арттыруға арналған тізім"";NAT;FTP;ACL;SMTP;DNS;C";;;;;;;;;;
;;;;;;;;;;
"Тораптағы деректерді бөлшектеу және жинақтау қызметі қай деңгейде орындалады"";Мәліметтер каналы;Қолданбалы;Тасымалдау;Физикалық;Сеанстық;C";;;;;;;;;;
;;;;;;;;;;
"Сеансты басқару және синхрондау қызметін атқаратын деңгей"";Қолданбалы;Сеанстық;Мәліметтер каналы;Тасымалдау;Желілік;B";;;;;;;;;;
;;;;;;;;;;
"Қолданушылардың интернетке бір IP арқылы шығуын қамтамасыз ететін әдіс"";DHCP;NAT;FTP;SMTP;DNS;B";;;;;;;;;;
;;;;;;;;;;
"Электрондық поштаны серверде сақтау мүмкіндігін беретін хаттама"";POP3;IMAP;TCP;HTTP;SNMP;B";;;;;;;;;;
;;;;;;;;;;
"Желілік ресурстарға қолжетімділікті тексеру үшін қолданылатын құрал"";ipconfig;format;ping;netstat;dir;C";;;;;;;;;;
;;;;;;;;;;
"OSI моделінің ең жоғарғы деңгейі"";Сеанстық;Тасымалдау;Мәліметтер каналы;Қолданбалы;Желілік;D";;;;;;;;;;
;;;;;;;;;;
"Коммутатор мен маршрутизатор арасындағы басты айырмашылық"";Қосылу жылдамдығы;Жұмыс деңгейі;Бағасы;Жұмыс температурасы;Порт саны;B";;;;;;;;;;
;;;;;;;;;;
"LAN желісінің толық атауы"";Long Area Network;Local Area Network;Low Access Network;Linear Area Network;Link Access Network;B";;;;;;;;;;
;;;;;;;;;;
"Вирустармен күресуге арналған бағдарламалар"";Арxivаторлар;Файл менеджерлері;Антивирустар;VPN клиенттері;Веб-браузерлер;C";;;;;;;;;;
;;;;;;;;;;
"Домен атауын IP-адреске ауыстыратын жүйе"";FTP;IMAP;NAT;DNS;VPN;D";;;;;;;;;;
;;;;;;;;;;
"Желінің физикалық байланыс түрін сипаттайтын ұғым"";Хаттама;Топология;Порт;Сервер;Адрес;B";;;;;;;;;;
;;;;;;;;;;
"Жергілікті желіде қолданылатын құрылғыларды автоматты IP-адреспен қамтамасыз ету қызметі"";DNS;DHCP;NAT;FTP;SMTP;B";;;;;;;;;;
;;;;;;;;;;
"VPN технологиясының негізгі мақсаты"";Желіні кеңейту;Мәліметтерді қысу;Қауіпсіз байланысты қамтамасыз ету;Деректерді шифрсыз беру;Серверді жүктеу;C";;;;;;;;;;
;;;;;;;;;;
"Қай хаттама поштаны серверден клиентке жеткізеді"";SMTP;FTP;SNMP;HTTP;HTTPS;A";;;;;;;;;;
;;;;;;;;;;
"NAT технологиясының негізгі қызметі"";MAC-мекенжайды түрлендіру;DNS сұрауын орындау;Жергілікті IP-ді жалпы IP-ге түрлендіру;Пошта жіберу;Порт сканерлеу;C";;;;;;;;;;
;;;;;;;;;;
"Серверлер арасындағы байланысқа арналған хаттама"";POP3;SMTP;SNMP;HTTPS;DHCP;B";;;;;;;;;;
;;;;;;;;;;
"Қолданбалы деңгейде жұмыс істейтін қызмет"";IP;TCP;FTP;Ethernet;ARP;C";;;;;;;;;;
;;;;;;;;;;
"Желілік қауіпсіздікті қамтамасыз ететін аппараттық құрылғы"";Коммутатор;Маршрутизатор;Брандмауэр;Принтер;Модем;C";;;;;;;;;;
;;;;;;;;;;
"Көпшілікке қолжетімді IP-адрес түрі"";Жергілікті;Жеке;Сыртқы;Уақытша;Ішкі;C";;;;;;;;;;
;;;;;;;;;;
"Қолданушы аты мен құпиясөз енгізуді талап ететін қауіпсіздік әдісі"";Шифрлеу;Архивтеу;Аутентификация;IP фильтрация;NAT;C";;;;;;;;;;
;;;;;;;;;;
"OSI моделінде хаттамаға тәуелді емес физикалық тасымал деңгейі"";Мәліметтер каналы;Сеанстық;Қолданбалы;Тасымалдау;Физикалық;E";;;;;;;;;;
;;;;;;;;;;
"Тораптағы ресурстарға шектеулі қолжетімділік орнату үшін қолданылатын механизм"";ACL;NAT;DNS;SMTP;DHCP;A";;;;;;;;;;
;;;;;;;;;;
"E-mail клиент пен сервер арасындағы хаттама"";FTP;IMAP;DHCP;HTTPS;SNMP;B";;;;;;;;;;
;;;;;;;;;;
"Web-браузерде URL жолына енгізілген атауды IP-адреске түрлендіру қызметі"";SMTP;DNS;NAT;SNMP;VPN;B";;;;;;;;;;
;;;;;;;;;;
"Желінің жұмыс өнімділігін арттыру мақсатында қолданылатын құрылғы"";Хаб;Коммутатор;Принтер;Монитор;Процессор;B";;;;;;;;;;
;;;;;;;;;;
"Желідегі құрылғының MAC-адресін анықтауға арналған хаттама"";IP;ARP;DNS;SMTP;IMAP;B";;;;;;;;;;
;;;;;;;;;;
"SSL/TLS протоколдарының негізгі қызметі"";Вирусты анықтау;Файлды архивтеу;Деректерді шифрлау;IP-адресті түрлендіру;Желі жүктемесін өлшеу;C";;;;;;;;;;
;;;;;;;;;;
"Пошталық серверден электрондық хаттарды жүктеуге арналған хаттама"";FTP;IMAP;TCP;UDP;ICMP;B";;;;;;;;;;
;;;;;;;;;;
"Ішкі желіден сыртқы желіге шығу процесінде IP түрлендіруді қолданатын технология"";SMTP;NAT;FTP;IMAP;DNS;B";;;;;;;;;;
;;;;;;;;;;
"Жүйелік әкімшінің желі құрылымын логикалық бейнелеу тәсілі"";Топология;Протокол;IP-адрес;Сервер;Брандмауэр;A";;;;;;;;;;
;;;;;;;;;;
"Виртуалды жеке желі аббревиатурасы"";WAN;VPN;DNS;HTTP;FTP;B";;;;;;;;;;
;;;;;;;;;;
"Желінің сыртқы шабуылдардан қорғалу деңгейін сипаттайтын түсінік"";Топология;Қауіпсіздік;Канал;Сервер;Адрес;B";;;;;;;;;;
;;;;;;;;;;
"Көптеген құрылғыларды бір желіге біріктіретін құрылғы"";Принтер;Маршрутизатор;Коммутатор;Пернетақта;Монитор;C";;;;;;;;;;
;;;;;;;;;;
"Желілік қауіпсіздікті қамтамасыз етудің басты мақсаты"";Топология өзгерту;Сервер жүктеу;Деректерді қорғау;Коммутатор орнату;Хаттама таңдау;C";;;;;;;;;;
;;;;;;;;;;
"Протоколдар пакетін сипаттайтын TCP/IP үлгісіндегі ең жоғарғы деңгей"";Желі;Көліктік;Қолданбалы;Желілік қатынас;Мекендеу;C";;;;;;;;;;
;;;;;;;;;;
"Желілік хаттама ұғымы"";Физикалық құрылғы атауы;Деректерді жеткізу ережелері;Адрестеу жүйесі;Желі түрі;Деректер базасы;B";;;;;;;;;;
;;;;;;;;;;
"Электрондық пошта қабылдауға арналған хаттама"";SMTP;IMAP;FTP;DHCP;SNMP;B";;;;;;;;;;
;;;;;;;;;;
"Желілік ақауларды диагностикалауға арналған командалық жол утилитасы"";ping;open;run;copy;search;A";;;;;;;;;;
;;;;;;;;;;
"IP желілер арасындағы деректерді бағыттау қызметі"";DNS;NAT;Маршрутизация;Коммутация;Топология;C";;;;;;;;;;
;;;;;;;;;;
"Қашықтықтан серверге қосылу үшін қолданылатын хаттама"";FTP;IMAP;DHCP;SSH;DNS;D";;;;;;;;;;
;;;;;;;;;;
"MAC-адреске негізделген деректерді жеткізу қай деңгейде жүзеге асады"";Қолданбалы;Мәліметтер каналы;Тасымалдау;Сеанстық;Желі;B";;;;;;;;;;
;;;;;;;;;;
"Желілік құрылғылардың қайсысы MAC-мекенжай деңгейінде жұмыс істейді"";Физикалық мекенжай;Желі нөмірі;Порт идентификаторы;"""";DNS"; DHCP;" SNMP;A";;;;;;;;
;;;;;;;;;;
"Firewall қолданылады"";Компьютерді зиянды бағдарламалардан қорғау үшін;Интернет жылдамдығын арттыру үшін;Электр қуатын үнемдеу үшін;Дыбыс сапасын жақсарту үшін;Деректерді резервтеу үшін;A";;;;;;;;;;
;;;;;;;;;;
"NAT-тың негізгі түрлерін атаңыз"";Static NAT"; Dynamic NAT;" PAT;HTTP"; HTTPS;" FTP;DHCP"; DNS;" TCP;USB"; VGA;" HDMI;VPN"; VLAN;" GRE;A"
;;;;;;;;;;
"SQL-да деректерді жаңарту үшін қолданылатын оператор"";UPDATE;DELETE;SELECT;DROP;ALTER;A";;;;;;;;;;
;;;;;;;;;;
"Cloud Storage мақсаты"";Деректерді қашықтан сақтау үшін;Домендік атауларды сақтау үшін;Желілік қауіпсіздік үшін;Брандмауэрді конфигурациялау үшін;DNS серверін орнату үшін;A";;;;;;;;;;
;;;;;;;;;;
"Ішкі желі (Subnet) - бұл"";Тек сымсыз байланыс үшін қолданылатын арнайы жүйе;Барлық интернет-провайдерлер ортақ пайдаланатын жаһандық желі;Барлық құрылғыларға бірдей ip мекенжай тағайындайтын механизм;Бір негізгі желі ішінде құрылатын логикалық бөлініс;Тек мобильді құрылғыларға арналған желі;D";;;;;;;;;;
;;;;;;;;;;
"SQL серверінің қауіпсіздігін қамтамасыз ету үшін қолданылатын механизмдер"";Брандмауэр"; Антивирус сканері;" Дыбыстық қорғаныс жүйесі;SQL Server Authentication"; Firewall;" Data Encryption;Графикалық шифрлеу"; Виртуалды ойын ортасы;" Экрандық құлып;HTML қорғау жүйесі"; Кэш тазалау;" Дизайн студиясы;VPN"; VLAN;" NAT;B"
;;;;;;;;;;
"PAT (Port Address Translation) жұмысы"";Бір IP-адресті бірнеше ішкі желі құрылғылары арасында порт нөмірлері арқылы бөліседі;Пакеттерді автоматты түрде шифрлайды;Домендік атауларды IP-адреске аударады;Серверлердің трафигін екі еселейді;DNS сұраныстарын шифрлайды;A";;;;;;;;;;
;;;;;;;;;;
"Бұлтты инфрақұрылым"";Бұлттарды зерттейтін ғылым;Деректерді интернет арқылы сақтау және өңдеу;Тек компьютерлерге арналған операциялық жүйе;Wi-Fi сигналының таралуын зерттеу;Брандмауэр баптауларын басқару;B";;;;;;;;;;
;;;;;;;;;;
"Backup қолданылатын мақсаты"";Деректерді қорғау және қалпына келтіру;Желі жылдамдығын арттыру;Веб-сайттарды құру;Компьютер қуатын арттыру;Электр қуатын үнемдеу;A";;;;;;;;;;
;;;;;;;;;;
"80 порт хаттамасы"";HTTP;FTP;SMTP;SSH;DNS;A";;;;;;;;;;
;;;;;;;;;;
"Бұлттық сервистердің кемшілігі"";Интернетке тәуелділік;Деректерді өңдей алмайды;Баяу жұмыс істейді;Wi-Fi-ға қосылу қажет емес;Деректерді сығу жылдамдығы;A";;;;;;;;;;
;;;;;;;;;;
"SQL Server-дің негізгі компоненттері"";HTML процессоры";" Кэштік жад және Дизайн студиясы;Графикалық интерфейс";" Антивирус модулі және Логикалық анализатор;Database Engine"; SQL Server Agent;" SQL Server Analysis Services;Веб-браузер";" Бейнеөңдеу модулі және Ойын қозғалтқышы;FTP сервері";" SSH клиенті және VLAN контроллері;C";;;;
;;;;;;;;;;
"VPN (Virtual Private Network) қолданылатын мақсаты"";Желідегі құрылғыларды басқару үшін;Құпия деректерді қорғау және қауіпсіз қосылу үшін;Веб-сайт жасау үшін;Сервер жүктемесін азайту үшін;Вирус сканерлеу үшін;B";;;;;;;;;;
;;;;;;;;;;
"RDP қолданатын порт"";21;3389;80;443;25;B";;;;;;;;;;
;;;;;;;;;;
"Бұлттық технология"";Деректерді интернет арқылы сақтау және өңдеу қызметі;Тек деректерді сығымдау процесі;Жүйелік бағдарламалау әдісі;Компьютерді жаңарту процесі;DNS жазбаларын басқару;A";;;;;;;;;;
;;;;;;;;;;
"IaaS (Infrastructure as a ServicE. білдіреді"";Бағдарламалық қамсыздандыруды ұсыну;Бұлттағы виртуалды серверлер мен сақтау жүйелері;Компьютерге жаңа бағдарламалар орнату;Домендік атауларды тіркеу;Электрондық поштаны басқару;B";;;;;;;;;;
;;;;;;;;;;
"Көп факторлы аутентификация (MFA. қолданылады"";Қолданушыларды қосымша қауіпсіздікпен қорғау;Парольдерді автоматты түрде өзгерту;Компьютер жылдамдығын арттыру;Файлдарды резервтік көшіру;VPN серверін іске қосу;A";;;;;;;;;;
;;;;;;;;;;
"SSH хаттамасы үшін қолданылатын порт нөмірі"";22;21;80;3389;443;A";;;;;;;;;;
;;;;;;;;;;
"Виртуалды желі"";Тек ойын серверлерін байланыстыратын жүйе;Физикалық кабельдерсіз интернетке қосылудың жалғыз әдісі;Қауіпсіз байланыс орнатуға мүмкіндік беретін желілік технология;Барлық құрылғыларды бірдей IP мекенжаймен қамтамасыз ететін жүйе;Электр қуатын үнемдеу үшін қолданылатын жүйе;C";;;;;;;;;;
;;;;;;;;;;
"RDP қолданатын порт"";21;3389;80;443;25;B";;;;;;;;;;
;;;;;;;;;;
"HTTPS пен HTTP айырмашылығы"";HTTPS қауіпсіздік сертификатын қолданады;HTTP тек мобильді құрылғыларда жұмыс істейді;HTTPS баяу жұмыс істейді;HTTP файлдарды шифрлайды;HTTP тек VPN арқылы жұмыс істейді;A";;;;;;;;;;
;;;;;;;;;;
"Бұлттық қызметке анықтама"";Тек деректерді сақтау үшін қолданылатын жүйе;Әр құрылғыға арнайы сервер орнату қажет;Барлық деректерді тұрақты түрде жояды;Виртуалды машиналарға арналған контейнер;Интернет арқылы қызметтерді ұсыну;E";;;;;;;;;;
;;;;;;;;;;
"SQL-де дерекқордан мәлімет алу үшін қолданылатын оператор"";SELECT;INSERT;DELETE;UPDATE;ALTER;A";;;;;;;;;;
;;;;;;;;;;
"Виртуалды желі"";Бұл тек ойын серверлерін байланыстыратын арнайы жүйе;Физикалық кабельдерсіз интернетке қосылудың жалғыз әдісі;C)Логикалық түрде құрылған";" қауіпсіз байланыс орнатуға мүмкіндік беретін желілік технология;Барлық құрылғыларды бірдей IP мекенжаймен қамтамасыз ететін жүйе;Электрондық пошта серверін орнату жүйесі;C";;;;;;;;;
;;;;;;;;;;
"IaaS (Infrastructure as a ServicE. "";Деректерді өңдеу алгоритмі;Бағдарламалық интерфейс;Инфрақұрылымды жалға бер;Ақпаратты шифрлау әдісі;Брандмауэр жүйесі;C";;;;;;;;;;
;;;;;;;;;;
"PaaS (Platform as a ServicE. "";Операциялық жүйелерді әзірлеу құралы;Бағдарламаны тестілеу ортасы;Бағдарламалық шешімдер мен платформаларды ұсынатын қызмет;Желілік қауіпсіздік құралы;Құжаттарды архивтеу;C";;;;;;;;;;
;;;;;;;;;;
"SaaS (Software as a ServicE. қызметі қолданылады"";Аппараттық құралдарды басқару үшін;Деректер базасын құру үшін;Дайын бағдарламалық шешімдерді қолдану үшін;Серверлерді баптау үшін;Мониторинг жүргізу үшін;C";;;;;;;;;;
;;;;;;;;;;
"Бұлтты инфрақұрылымдағы масштабтау ______ қажет"";Құпия сөзді қалпына келтіру үшін;Серверді өшіру үшін;Жүйенің жүктемесіне қарай ресурстарды көбейту немесе азайту үшін;Қауіпсіздік шараларын күшейту үшін;IP мекенжайларын басқару үшін;C";;;;;;;;;;
;;;;;;;;;;
"Автоматтандырылған бұлттық конфигурация құралдарының бірі"";Microsoft Word;Ansible;Photoshop;Excel;VLC Media Player;B";;;;;;;;;;
;;;;;;;;;;
"DevOps құралдарымен бұлтты инфрақұрылымды басқаруда ең жиі қолданылатын құрал"";MS Paint;Jenkins;Adobe Illustrator;PowerPoint;VLC Media Player;B";;;;;;;;;;
;;;;;;;;;;
"Конфигурацияны басқару құралдарының бірі болып табылатын Ansible ерекшелігі"";Визуалды дизайн жасау;Агентсіз жұмыс істеу мүмкіндігі;Тек Windows жүйесіне арналған;Видео өңдеу;Деректерді шифрлау;B";;;;;;;;;;
;;;;;;;;;;
"Бұлтты инфрақұрылымды басқаруда автоматтандыруды қамтамасыз ететін тәсіл "";Ручной басқару;Скрипт жазу және орнату;Телефон қоңыраулары арқылы басқару;Ақпаратты қағазға жазу;Қолданбаны қолдану;B";;;;;;;;;;
;;;;;;;;;;
"Инфрақұрылымды код ретінде (IaC. басқарудың артықшылығы"";Қолмен баптаудың жылдамдығы;Қателердің қайталану мүмкіндігін азайту;Деректерді шифрлау;Wi-Fi жылдамдығын арттыру;Ойын бағдарламаларын орнату;B";;;;;;;;;;
;;;;;;;;;;
"Terraform мақсаты"";Дизайн жасау;Инфрақұрылымды код ретінде басқару;Вирус сканері;Дыбыс жазу;Көрнекі есеп жасау;B";;;;;;;;;;
;;;;;;;;;;
"Kubernetes қызметі"";Видео өңдеу";" баптау және сақтау;Контейнерлерді басқару";" оркестрациялау;Деректерді шифрлау;Мониторинг жүргізу;Дыбыс жазу;B";;;;;;;;
;;;;;;;;;;
"Бұлттық инфрақұрылымдағы “auto-scaling” түсінігі білдіреді"";Қолмен серверді қосу;Серверлерді автоматты түрде масштабтау;VPN орнату;Қауіпсіздік жүйесін қосу;Деректерді резервтеу;B";;;;;;;;;;
;;;;;;;;;;
"CI/CD бұлттық жүйелерде маңызы"";Жобаны архивтеу;Қауіпсіздікті тексеру;Автоматты түрде құрастыру";" тестілеу және орналастыру;Қолмен құрастыру;Тек серверді қосу;C";;;;;;;;;
;;;;;;;;;;
"Load Balancer қолданылады?"";Қолданушыларды есептеу үшін;Серверді баптау үшін;Жүктемені бірнеше серверге тең бөлу үшін;VPN орнату үшін;Қауіпсіздікті арттыру үшін;C";;;;;;;;;;
;;;;;;;;;;
"Бұлттық қауіпсіздіктің маңызды элемент"";Тексерілмеген бағдарламаларды жүктеу;Қолмен пароль жазу;Аутентификация және авторизация;Пайдаланушы интерфейсі;Дыбыс өңдеу;C";;;;;;;;;;
;;;;;;;;;;
"CloudFormation мақсаты"";Видео ойнату;AWS инфрақұрылымын код арқылы басқару;Желі конфигурациясын өшіру;Қолданушыны бұғаттау;Дыбыс жазу;B";;;;;;;;;;
;;;;;;;;;;
"Multicloud стратегиясының басты артықшылығы:"";Бір ғана провайдерге тәуелділік;Бірнеше бұлт провайдерлерін қолдану арқылы";" сенімділікті арттыру;Жергілікті серверді баптау;Тек SQL базасын қолдану;Тек VPN қолдану;B";;;;;;;;;
;;;;;;;;;;
"Hybrid cloud білдіреді"";Тек жеке сервер қолдану;Қосымша қауіпсіздік қолдану;Жеке және жария бұлтты араластыра қолдану;VPN қолдану;Дыбыс жазу;C";;;;;;;;;;
;;;;;;;;;;
"API Gateway қолданылады"";Дыбыс шығару үшін;Деректерді резервтеу үшін;API сұраныстарын басқару және бақылау;Серверді іске қосу үшін;Тек HTML құжаттарды басқару;C";;;;;;;;;;
;;;;;;;;;;
"Cloud Provider дегеніміз "";Желі адаптері;Бұлттық қызмет ұсынатын компания;Дыбыс жазу құрылғысы;Виртуалды машина;PDF редакторы;B";;;;;;;;;;
;;;;;;;;;;
"Бұлттық сервердің басты артықшылығы"";Тек жергілікті желіде жұмыс істейді;Интернетсіз қолданылады;Қолжетімділігі жоғары және масштабталуы оңай;Тек файл сақтау;Дыбыс жазу;C";;;;;;;;;;
;;;;;;;;;;
"VPN бұлттық инфрақұрылымда қолданылады"";Бейне өңдеу;Қауіпсіз байланыс орнату;Құжаттарды басып шығару;Дыбыс жазу;Мониторинг;B";;;;;;;;;;
;;;;;;;;;;
"Containerization дегеніміз "";Дыбыс жазу;Видео ойнату;Қолданбаларды контейнерлер арқылы оқшаулау және оңай тасымалдау;Файлдарды басып шығару;Вирустарды жою;C";;;;;;;;;;
;;;;;;;;;;
"IaC құралдарының бірі"";Photoshop;Jenkins;Ansible;PowerPoint;Telegram;C";;;;;;;;;;
;;;;;;;;;;
"Бұлтты инфрақұрылымдағы көпдеңгейлі аутентификацияның негізгі мақсаты  "";Деректерді жүктеу ;Пайдаланушы интерфейсін оңтайландыру ;Қол жеткізу қауіпсіздігін арттыру ;Виртуализацияны басқару ;Қызметтерді масштабтау ;C";;;;;;;;;;
;;;;;;;;;;
"Қауіпсіздік ережелерін басқару үшін _____ әдісі тиімді болып саналады"";Физикалық күзет;Лог-файлдарды жою ;Қауіпсіздік саясатын автоматтандыру ;DNS бұғаттау ;Қолмен бақылау ;C";;;;;;;;;;
;;;;;;;;;;
"Бұлтты жүйеде лог файлдарының маңыздылығы "";Құжаттарды көшіру ;Қызметтерді тоқтату ;Қауіпсіздік оқиғаларын бақылау ;Желіні кеңейту ;Серверлерді біріктіру ;C";;;;;;;;;;
;;;;;;;;;;
"DDoS шабуылдарынан қорғанудың тиімді жолы "";Автоматты резервтік көшіру ;Желіні кеңейту ;Жүктемені теңестіру және сүзгілеу ;DNS шифрлау ;Виртуалды сервер құру ;C";;;;;;;;;;
;;;;;;;;;;
"ISO/IEC 27001 стандарты бұлтты қауіпсіздікке әсері"";Сервер жылдамдығын арттырады ;Қызметтер санын азайтады ;Ақпараттық қауіпсіздік талаптарын белгілейді ;Қолданушыларды тіркеуден босатады ;Дерекқорды жояды;C";;;;;;;;;;
;;;;;;;;;;
"Бұлтты қызметтерге кіру мүмкіндігін шектеудің тиімді тәсілі "";Ашық желіні пайдалану ;Барлық қолданушыларға рұқсат беру ;Идентификация және аутентификация ;Электрондық поштамен жіберу ;DNS серверін өзгерту ;C";;;;;;;;;;
;;;;;;;;;;
"Желілік экран орындайтын қызмет"";Пайдаланушы интерфейсін жақсартады ;Қызметтерді көшіреді ;Зиянды трафикті бөгейді ;Сервер жүктемесін арттырады ;Дискті тазалайды ;C";;;;;;;;;;
;;;;;;;;;;
"Бұлтты ортада деректерді шифрлаудың басты себебі "";Жүйені өшіру ;Қызметтерді тоқтату ;Құпия деректерді қорғау ;Желіні бөлу ;Серверді жаңарту ;C";;;;;;;;;;
;;;;;;;;;;
Бұлтты платформалардағы қауіп-қатерлерді бағалау;" ол"";Желіні кеңейту ;Резервтік көшіру ;Тәуекелдерді талдау ;Құрылғыны қосу ;Порт ашу ;C";;;;;;;;;
;;;;;;;;;;
"Апаттық жағдайлардан кейін қызметті қайта қалпына келтірудің әдісі"";Сертификат  ;Резервтік көшіру ;IP мекенжай;DNS ;API ;B";;;;;;;;;;
;;;;;;;;;;
"Бұлтты сервистердегі пайдаланушылардың құқықтарын басқарудың жолы"";Жалпы рұқсат беру ;Резервтік көшіру ;Рөлге негізделген қолжетімділік ;DNS қолдану ;Жүйені қайта жүктеу ;C";;;;;;;;;;
;;;;;;;;;;
"Бұлттық ортада шабуылдардан кейінгі әрекеттерді сараптау _____ аталады"";Қалпына келтіру ;Қауіпсіздік саясаты ;Инцидентті талдау ;Шифрлау ;Порттарды жабу ;C";;;;;;;;;;
;;;;;;;;;;
"Пайдаланушы әрекеттерін бақылау үшін қажет жүйе"";Дискті форматтау ;Лог талдау жүйесі ;Дерекқор өшіру ;Серверді қосу ;Шифрды бұзу ;B";;;;;;;;;;
;;;;;;;;;;
"Қауіпсіз бұлттық инфрақұрылымды жобалауда маңызды элемент "";Ашық кодты жүйе ;Икемді интерфейс ;Көпқабатты архитектура ;Тек клиенттік құрылғылар ;Жеке серверлер ;C";;;;;;;;;;
;;;;;;;;;;
"Криптографиялық алгоритмдер бұлтта ______ мақсатында пайдаланылады"";Серверді өшіру;Желіні кеңейту;Деректердің құпиялылығын сақтау;Пайдаланушыны бұғаттау;Интерфейсті жою;C";;;;;;;;;;
;;;;;;;;;;
"566 . Бұлтта орналасқан деректердің тұтастығын ______ арқылы қамтамасыз етуге болады"";Вирустарды жою ;Желіні кеңейту ;Хэштеу технологиясын қолдану ;Серверді қайта жүктеу ;Интерфейсті өзгерту ;C";;;;;;;;;;
;;;;;;;;;;
"Cloud Monitoring ______ үшін қолданылады"";Деректер базасын құру;Бағдарламаларды архивтеу;Бұлттық инфрақұрылым жұмысына бақылау жасау және өнімділікті бағалау;VPN-ді іске қосу;Электр қуатын басқару;C";;;;;;;;;;
;;;;;;;;;;
"Бұлтты инфрақұрылымда қауіпсіздік саясаттарын сақтау маңызды"";Желі трафигін арттыру үшін ;Хаттамаларды өзгерту үшін ;Қолданушылар мен деректерді қорғау үшін ;Қызметтерді жою үшін ;Порттарды ашу үшін ;C";;;;;;;;;;
;;;;;;;;;;
"Қауіпсіздік инциденттерін басқару процесі басталатын кезең"";Талдау ;Хабарлау ;Әсерді бағалау ;Қалпына келтіру ;Хаттама таңдау ;B";;;;;;;;;;
;;;;;;;;;;
"Бірнеше бұлттық провайдерлер арасындағы қауіпсіз байланыс орнату үшін ең тиімді әдіс"";DNS кештеуді арттыру;Ашық хаттамаларды қолдану;Біртұтас сәйкестендіру (Federated Identity Management);Пайдаланушы паролін жиі ауыстыру;Жалпыға қолжетімді API қолдану;C";;;;;;;;;;
;;;;;;;;;;
"Бұлттық ортада Zero Trust моделінің басты қағидасы "";Барлық ішкі трафикке сенім білдіру;Қолданушыларды автоматты түрде аутентификациялау;Барлық субъектілер мен құрылғыларды үнемі тексеру;Бір рет рұқсат берілген соң толық қолжетімділік;Қауіпсіздік саясаттарын өшіру;C";;;;;;;;;;
;;;;;;;;;;
"Бұлтты ортада қолданылатын SIEM жүйесінің басты артықшылығы "";Хаттамаларды автоматты түрде шифрлау;Серверді қашықтан басқару;Қауіпсіздік оқиғаларын нақты уақыт режимінде талдау;Пайдаланушыларды бұғаттау;Желіні кеңейту;C";;;;;;;;;;
;;;;;;;;;;
"Құпия сөзсіз аутентификацияны жүзеге асыруда кеңінен қолданылатын әдіс"";VPN;SSH;Мультифакторлық аутентификация;Биометрикалық сәйкестендіру;Парольдік файлдар;D";;;;;;;;;;
;;;;;;;;;;
"Бұлтты қауіпсіздік архитектурасында «shared responsibility model» дегеніміз "";Барлық қауіпсіздік міндеттері провайдерде болады;Қолданушыға тек UI қатынасы беріледі;Провайдер мен клиент арасында қауіпсіздік міндеттерін бөлу;Барлық қауіпсіздік шешімдерін қолданушы өзі орындайды;Тек ішкі серверлерге жауапкершілік беріледі;C";;;;;;;;;;
;;;;;;;;;;
"Бұлтты қауіпсіздікті қамтамасыз ету үшін жиі қолданылатын криптографиялық механизм"";VPN ;SSL/TLS ;FTP ;HTTP ;DHCP ;B";;;;;;;;;;
;;;;;;;;;;
"Бұлтты ортада тіркелмеген құрылғыларды анықтау үшін _____ қажет"";Құрылғыны қайта жүктеу ;MAC мекенжайларын бақылау ;IP мекенжайын өзгерту ;Дискті тазалау ;Желі трафигін шектеу ;B";;;;;;;;;;
;;;;;;;;;;
"Қауіпсіздік хаттамаларының жаңартылуын бақылайтын қызмет"";Лог жазбалар ;SIEM ;VPN сервері ;DHCP ;SSL кілті ;B";;;;;;;;;;
;;;;;;;;;;
"Бұлтты жүйелерде ақпарат ағынын шектеу үшін пайдаланылады"";DNS сервері ;API шлюздері ;Ашық порттар ;FTP клиенті ;Сервер тіркеу ;B";;;;;;;;;;
;;;;;;;;;;
"580.Бұлтты ортада «data exfiltration» шабуылын ерте анықтаудың ең тиімді әдісі "";Желіні кеңейту;Виртуалды машиналарды көшіру;Аномалияға негізделген бақылау жүйесін қолдану;Ашық деректерді автоматты шифрлау;Жүйені физикалық оқшаулау;C";;;;;;;;;;
;;;;;;;;;;
"Бұлттық қызметтегі криптографиялық кілттерді басқаруда Hardware Security Module (HSM) атқаратын рөл "";Деректерді жою;Пайдаланушыны шектеу;Құпия кілттерді қауіпсіз сақтау және өңдеу;IP мекенжайын басқару;Хаттамаларды өзгерту;C";;;;;;;;;;
;;;;;;;;;;
"Көп пайдаланушы қатынайтын SaaS платформаларында бір қолданушының деректерінің екіншіге көріну қаупін азайту үшін тәсіл қолданылады"";Жалпыға ортақ мәлімет базасы;Ашық API интерфейсі;Мәліметтерді оқшаулау (Data Isolation);Құрылғы сәйкестендіру;Пайдаланушы кэшін тазалау;C";;;;;;;;;;
;;;;;;;;;;
"Бұлтты ортада қауіпсіз DevOps (DevSecOps) енгізудің негізгі себебі"";Хаттамалар санын арттыру;Тестілеу уақытын қысқарту;Қауіпсіздікті әзірлеу процесіне ендіру;Пайдаланушы деректерін жою;Шифрлауды болдырмау;C";;;;;;;;;;
;;;;;;;;;;
"Бұлтты жүйедегі IAM (Identity and Access Management) қатесінің ең қауіпті салдары болуы мүмкін"";Жүйенің баяу жұмысы;Желідегі ақау;Рұқсатсыз тұлғаның маңызды ресурстарға қол жеткізуі;Электрондық пошта істен шығуы;Файлдарды автоматты түрде жою;C";;;;;;;;;;
;;;;;;;;;;
"Бұлттық инфрақұрылымда нақты уақыттағы аномалияларды анықтаудың күрделі әдісі  "";Пайдаланушы интерфейсін тексеру ;Күніне бір рет журналды оқу ;Машиналық оқытуға негізделген мониторинг жүйесін пайдалану ;IP сүзгілеуді қолдану ;FTP журналдарын сақтау ;C";;;;;;;;;;
;;;;;;;;;;
"Қауіпсіздік талаптарын біріздендіру үшін көп бұлттық жүйелерде қолданылатын стратегия"";Әрбір провайдер үшін жеке саясат жазу ;Ашық желіні пайдалануға рұқсат беру ;Бірыңғай саясат басқару жүйесін енгізу ;Серверлерді физикалық біріктіру ;Интерфейсті жаңарту ;C";;;;;;;;;;
;;;;;;;;;;
"Бұлтты жүйелердегі пайдаланушының құқық артықшылығы артып кетуінен туындайтын тәуекелге қарсы әдіс "";Серверді өшіру ;Барлық қолданушыларды әкімші ету ;Уақытша және шектеулі рөлдерге негізделген саясат қолдану ;Деректерді шифрлау ;DNS мекенжайын өзгерту ;C";;;;;;;;;;
;;;;;;;;;;
"Zero-Day осалдықтарын дер кезінде жою үшін ең тиімді амал болып саналады"";Виртуалды серверлерді көшіру ;Жүйені толық өшіру ;Қауіпсіздік патчтарын жедел енгізу ;Серверлерді қайта жүктеу ;DNS кешін тазалау ;C";;;;;;;;;;
;;;;;;;;;;
"Бұлт провайдері SLA шарттарын бұзғанда туындайтын қауіптер"";Тек поштаның кідірісі ;Интерфейсті өзгерту;Қауіпсіздік жүйесінің әлсіреуі және рұқсатсыз қол жеткізу ;Желі жылдамдығының артуы ;Рөлдерді жоғалту;C";;;;;;;;;;
;;;;;;;;;;
"Бұлттық ортада «қол жеткізу құқықтарының көлеңкелі артуы» (privilege creep) қауіпін болдырмау үшін тиімді амал"";IP сүзгілеу;Қолмен тіркеуді алып тастау;Уақытша рөлге негізделген рұқсат беру саясатын енгізу;Сервер жүктемесін бақылау;Ашық кілтпен шифрлау;C";;;;;;;;;;
;;;;;;;;;;
"Бірнеше бұлттық провайдер қолданылатын жүйелерде қауіпсіздік саясатын орталықтандыру үшін ұсынылады"";Әр провайдер үшін бөлек логин жүйесін орнату;API қолжетімділігін шектеу;Бірыңғай саясат басқару шешімін (Unified Policy Management) қолдану;Барлық лог-файлдарды жою;DNS конфигурациясын өзгерту;C";;;;;;;;;;
;;;;;;;;;;
"Бұлтты ортада деректерді өңдеу барысында «data residency» саясаты білдіреді"";Деректердің резервтік көшірмесін сақтау мерзімі;Қолданушыларды тіркеу географиясы;Деректер қай елдің заңнамасына бағынатынын анықтау;Виртуалды машиналарды біріктіру;Сервер қуатын өлшеу;C";;;;;;;;;;
;;;;;;;;;;
"Бұлтты қызметтегі Zero-Day осалдығын басқаруда басым амал болып табылады"";DNS шифрлау;Виртуализацияны тоқтату;Қауіпсіздік патчтарын жылдам енгізу;Қолмен журнал жүргізу;Сертификат қолдану;C";;;;;;;;;;
;;;;;;;;;;
"Бұлттық жүйеде қол жеткізу журналдарын талдаудың негізгі мақсаты "";Виртуалды серверлерді қосу;Қауіпсіздік бұзушылықтарын анықтау;API жылдамдығын арттыру;DNS мекенжайын сақтау;Интерфейсті өзгерту;B";;;;;;;;;;
;;;;;;;;;;
"Қауіпсіз бұлттық архитектура құруда қауіп-қатерлердің ықтимал салдарын болжау аталады"";Шифрлау;Желіні кеңейту;Тәуекелді модельдеу;Серверді ажырату;Пайдаланушыларды тіркеу;C";;;;;;;;;;
;;;;;;;;;;
"Қауіпсіздік оқиғаларынан кейін деректерді қайта қалпына келтіру процесі аталады"";Логты талдау;Тіркеуді жаңарту;Қалпына келтіру жоспары;Рөлдерді қайта бөлу;Интерфейсті өшіру;C";;;;;;;;;;
;;;;;;;;;;
"Қолданушы рұқсаттарын шектеу үшін RBAC (Role-Based Access Control) пайдаланылады"";Жүйені өшіру үшін;Барлық қолданушыларға қол жеткізу беру үшін;Рөлге байланысты шектеу енгізу үшін;Серверді резервке алу үшін;Виртуалды орта қосу үшін;C";;;;;;;;;;
;;;;;;;;;;
"API қауіпсіздігін қамтамасыз ету үшін жиі қолданылатын әдіс"";Порттарды ашу;SSL сертификатын қолдану;DNS серверін бұғаттау;Серверді тоқтату;Файлдарды шифрлау;B";;;;;;;;;;
;;;;;;;;;;
"Бұлттағы мәліметтердің сыртқа таралуын болдырмау үшін маңызды саясат"";Желіні кеңейту саясаты;Деректерді сақтау саясаты;Мәліметтерді жіберуге шектеу саясаты (DLP);Физикалық шектеу саясаты;Кэш тазалау саясаты;C";;;;;;;;;;
;;;;;;;;;;
"Қолданушылар белсенділігін бақылау үшін тиімді құрал"";VPN;SSH;SIEM жүйесі;DNS фильтр;TLS сертификаты;C";;;;;;;;;;
